{"Administration.SaveNewAccount":{"p":["Administration.AccountPasswordData"],"a":[["Administration.AccountPasswordData_Account","Administration.AccountPasswordData"],["Administration.AccountPasswordData_Account","Administration.Account"]]},"Administration.ShowPasswordForm":{"p":["Administration.Account"],"a":[]},"Administration.NewAccount":{"p":[],"a":[]},"Administration.NewWebServiceAccount":{"p":[],"a":[]},"Administration.ChangePassword":{"p":["Administration.AccountPasswordData"],"a":[["Administration.AccountPasswordData_Account","Administration.AccountPasswordData"],["Administration.AccountPasswordData_Account","Administration.Account"]]},"Administration.ShowMyPasswordForm":{"p":["Administration.Account"],"a":[]},"Administration.ChangeMyPassword":{"p":["Administration.AccountPasswordData"],"a":[["Administration.AccountPasswordData_Account","Administration.AccountPasswordData"],["Administration.AccountPasswordData_Account","Administration.Account"]]},"MyFirstModule.MF_CreateReceta_DesdeConsulta":{"p":["MyFirstModule.Consulta"],"a":[["MyFirstModule.Receta_Antecedente","MyFirstModule.Antecedente"],["MyFirstModule.Receta_Antecedente","MyFirstModule.Receta"],["MyFirstModule.Receta_Consulta","MyFirstModule.Consulta"],["MyFirstModule.Receta_Consulta","MyFirstModule.Receta"]]},"MyFirstModule.MF_CreateMedicamento_DesdeReceta":{"p":["MyFirstModule.Receta"],"a":[]},"MyFirstModule.MF_SaveAntecedente_Redirect":{"p":["MyFirstModule.Antecedente"],"a":[]},"FeedbackModule.VAL_Feedback":{"p":["FeedbackModule.Feedback"],"a":[]},"FeedbackModule.SUB_Feedback_SendToServer":{"p":["FeedbackModule.Feedback"],"a":[]},"FeedbackModule.PopulateUserAttributes":{"p":["FeedbackModule.Feedback"],"a":[]}}