[{"operationId":"GFvbjqtoj1G/54z7pUx9PQ","operationType":"rollback","parameters":{"Objects":["AnyObjectList"]},"constants":{},"allowedUserRoleSets":[]},{"operationId":"GiIFKiLiF1WkdT8VX+QiPw","operationType":"callMicroflow","parameters":{},"constants":{"MicroflowName":"Administration.NewAccount"},"allowedUserRoleSets":[["Administrator"]]},{"operationId":"vjG6vtkXm1ma9EYoCIAPww","operationType":"retrieve","parameters":{},"constants":{"PageName":"Administration.Account_New","WidgetName":"Administration.Account_New.comboBox2","UsedAssociations":[],"UsedAttributes":["System.TimeZone/System.TimeZone.Description"],"XPath":"//System.TimeZone"},"allowedUserRoleSets":[]},{"operationId":"zYdI/egsglaHMEJACzFM/A","operationType":"commit","parameters":{"Objects":["[FeedbackModule.Feedback]"]},"constants":{},"allowedUserRoleSets":[]},{"operationId":"z7cSjlPHylqF5IIsYVV6qA","operationType":"commit","parameters":{"Objects":["AnyObjectList"]},"constants":{},"allowedUserRoleSets":[]},{"operationId":"XHsfYcBIlViJ/QpGwJmOLQ","operationType":"delete","parameters":{"Objects":["[Administration.Account]"]},"constants":{},"allowedUserRoleSets":[]},{"operationId":"O0J+Y2+Cylmu2tMTFhV2iw","operationType":"retrieve","parameters":{},"constants":{"PageName":"Administration.MyAccount","WidgetName":"Administration.MyAccount.comboBox3","UsedAssociations":[],"UsedAttributes":["System.Language/System.Language.Description"],"XPath":"//System.Language"},"allowedUserRoleSets":[]},{"operationId":"6rooVpW/31OIsHwIrpgCZQ","operationType":"callMicroflow","parameters":{"Feedback":["FeedbackModule.Feedback"]},"constants":{"MicroflowName":"FeedbackModule.PopulateUserAttributes"},"allowedUserRoleSets":[]},{"operationId":"K9WuCalvUlSNYGtq0ewOyw","operationType":"rollback","parameters":{"Objects":["AnyObjectList"]},"constants":{},"allowedUserRoleSets":[]},{"operationId":"1zWlPdnLSlGV/ojEQd12eg","operationType":"rollback","parameters":{"Objects":["AnyObjectList"]},"constants":{},"allowedUserRoleSets":[]},{"operationId":"dITcsq6M4V2yaI3TRVo0CA","operationType":"retrieve","parameters":{"CurrentObject":["MyFirstModule.Receta"]},"constants":{"PageName":"MyFirstModule.Receta_View","WidgetName":"MyFirstModule.Receta_View.listView1","UsedAssociations":[],"UsedAttributes":[],"XPath":"//MyFirstModule.Medicamento[MyFirstModule.Medicamento_Receta='[%CurrentObject%]']"},"allowedUserRoleSets":[]},{"operationId":"w0znGwk6MlSRUcF6uKboTw","operationType":"retrieve","parameters":{},"constants":{"PageName":"MyFirstModule.Home_Web","WidgetName":"MyFirstModule.Home_Web.listView1","UsedAssociations":[],"UsedAttributes":[],"XPath":"//MyFirstModule.Alergias"},"allowedUserRoleSets":[]},{"operationId":"hp+n5p4WR1aBZ9kSYiNrpA","operationType":"rollback","parameters":{"Objects":["AnyObjectList"]},"constants":{},"allowedUserRoleSets":[]},{"operationId":"pbeb8FjwHFaTSMKzvVMP8g","operationType":"rollback","parameters":{"Objects":["AnyObjectList"]},"constants":{},"allowedUserRoleSets":[]},{"operationId":"jMLqpTpg4V6z3dF2dbM8Ew","operationType":"rollback","parameters":{"Objects":["AnyObjectList"]},"constants":{},"allowedUserRoleSets":[]},{"operationId":"ltOZbwWllleAx3bDk/Qx0Q","operationType":"rollback","parameters":{"Objects":["AnyObjectList"]},"constants":{},"allowedUserRoleSets":[]},{"operationId":"9U/edg45ql66sLBB/+f+kA","operationType":"commit","parameters":{"Objects":["AnyObjectList"]},"constants":{},"allowedUserRoleSets":[]},{"operationId":"HahsCyWuDVeGxj52hw/Nkg","operationType":"retrieve","parameters":{},"constants":{"PageName":"Administration.ScheduledEvents","WidgetName":"Administration.ScheduledEvents.dataGrid21","UsedAssociations":[],"UsedAttributes":["System.ScheduledEventInformation/System.ScheduledEventInformation.Name","System.ScheduledEventInformation/System.ScheduledEventInformation.Description","System.ScheduledEventInformation/System.ScheduledEventInformation.StartTime","System.ScheduledEventInformation/System.ScheduledEventInformation.Status","System.ScheduledEventInformation/System.ScheduledEventInformation.EndTime"],"XPath":"//System.ScheduledEventInformation"},"allowedUserRoleSets":[]},{"operationId":"0N4biQIeg128Vt0fCh4N2w","operationType":"retrieve","parameters":{"CurrentObject":["MyFirstModule.Consulta"]},"constants":{"PageName":"MyFirstModule.Consulta_NewEdit","WidgetName":"MyFirstModule.Consulta_NewEdit.listView1","UsedAssociations":["MyFirstModule.Receta/MyFirstModule.Receta_Consulta/MyFirstModule.Consulta"],"UsedAttributes":[],"XPath":"//MyFirstModule.Receta[MyFirstModule.Receta_Consulta='[%CurrentObject%]']"},"allowedUserRoleSets":[]},{"operationId":"13F3NjW2xVeYmS8s43OXpw","operationType":"retrieve","parameters":{},"constants":{"PageName":"MyFirstModule.Archivos_View","WidgetName":"MyFirstModule.Archivos_View.comboBox1","UsedAssociations":[],"UsedAttributes":["MyFirstModule.Estudios/MyFirstModule.Estudios.Titulo"],"XPath":"//MyFirstModule.Estudios"},"allowedUserRoleSets":[]},{"operationId":"sW36LnJleVGJPD46CijnQg","operationType":"callMicroflow","parameters":{},"constants":{"MicroflowName":"Administration.NewWebServiceAccount"},"allowedUserRoleSets":[["Administrator"]]},{"operationId":"XVCtybnPCVyaP5UJ0bPliQ","operationType":"rollback","parameters":{"Objects":["AnyObjectList"]},"constants":{},"allowedUserRoleSets":[]},{"operationId":"3bx1/4doYFaJZI0tBqMxuw","operationType":"delete","parameters":{"Objects":["[MyFirstModule.Consulta]"]},"constants":{},"allowedUserRoleSets":[]},{"operationId":"Z4WxkT9dkla24O5g13dMJg","operationType":"rollback","parameters":{"Objects":["AnyObjectList"]},"constants":{},"allowedUserRoleSets":[]},{"operationId":"+I1E4pSKEFqYl6sKWWC9Tg","operationType":"create","parameters":{},"constants":{"ObjectType":"MyFirstModule.Antecedente"},"allowedUserRoleSets":[]},{"operationId":"8jdxpiJLWVinwgKml0Iy4g","operationType":"retrieve","parameters":{},"constants":{"PageName":"MyFirstModule.Home_Web","WidgetName":"MyFirstModule.Home_Web.listView6","UsedAssociations":[],"UsedAttributes":[],"XPath":"//MyFirstModule.Estudios"},"allowedUserRoleSets":[]},{"operationId":"sIplkeSP4lyrxby7P8wr4A","operationType":"retrieve","parameters":{},"constants":{"PageName":"Administration.ActiveSessions","WidgetName":"Administration.ActiveSessions.dataGrid21","UsedAssociations":[],"UsedAttributes":["System.Session/System.Session_User/System.User/System.User.Name","System.Session/System.Session.LastActive"],"XPath":"//System.Session"},"allowedUserRoleSets":[]},{"operationId":"/Bm+MsuxDl+Krog2fdD2iA","operationType":"delete","parameters":{"Objects":["[MyFirstModule.Estudios]"]},"constants":{},"allowedUserRoleSets":[]},{"operationId":"yEgs5tcHiVq23Fgs5OXbOQ","operationType":"callMicroflow","parameters":{"Feedback":["FeedbackModule.Feedback"]},"constants":{"MicroflowName":"FeedbackModule.VAL_Feedback"},"allowedUserRoleSets":[]},{"operationId":"sgKV6k3jeleqWuADOwe1Sg","operationType":"commit","parameters":{"Objects":["AnyObjectList"]},"constants":{},"allowedUserRoleSets":[]},{"operationId":"4ZybT37Qplq6m4xCKHIxfQ","operationType":"commit","parameters":{"Objects":["AnyObjectList"]},"constants":{},"allowedUserRoleSets":[]},{"operationId":"4npvFyyDR1SDJO2kvqr/qw","operationType":"rollback","parameters":{"Objects":["AnyObjectList"]},"constants":{},"allowedUserRoleSets":[]},{"operationId":"211Hfi/QblKttC3iVHATyQ","operationType":"callMicroflow","parameters":{"Receta":["MyFirstModule.Receta"]},"constants":{"MicroflowName":"MyFirstModule.MF_CreateMedicamento_DesdeReceta"},"allowedUserRoleSets":[]},{"operationId":"C3dn3Hb8ZFWM+K4+TIrgJg","operationType":"retrieve","parameters":{},"constants":{"PageName":"Administration.Account_Overview","WidgetName":"Administration.Account_Overview.dataGrid21","UsedAssociations":[],"UsedAttributes":["Administration.Account/Administration.Account.FullName","Administration.Account/System.User.Name","Administration.Account/System.UserRoles/System.UserRole/System.UserRole.Name","Administration.Account/System.User.LastLogin","Administration.Account/System.User.Active","Administration.Account/System.User.WebServiceUser","Administration.Account/Administration.Account.IsLocalUser"],"XPath":"//Administration.Account[(System.UserRoles/System.UserRole/System.grantableRoles[reversed()]/System.UserRole/System.UserRoles = '[%CurrentUser%]' or not(System.UserRoles/System.UserRole)) and Name != empty]"},"allowedUserRoleSets":[]},{"operationId":"/pvoO/bMdFGKMD+XyVDxJQ","operationType":"callMicroflow","parameters":{"Antecedente":["MyFirstModule.Antecedente"]},"constants":{"MicroflowName":"MyFirstModule.MF_SaveAntecedente_Redirect"},"allowedUserRoleSets":[]},{"operationId":"lXt4ZoXvf1C/GvG0gWMZ5g","operationType":"delete","parameters":{"Objects":["[MyFirstModule.Medicamento]"]},"constants":{},"allowedUserRoleSets":[]},{"operationId":"+qs3lcwDT1WaeeD3iQ9VVA","operationType":"commit","parameters":{"Objects":["AnyObjectList"]},"constants":{},"allowedUserRoleSets":[]},{"operationId":"20nNrZidBl+u0KZiXgM6oA","operationType":"rollback","parameters":{"Objects":["AnyObjectList"]},"constants":{},"allowedUserRoleSets":[]},{"operationId":"/V+nRO6ySlqhI+5ALja0cQ","operationType":"retrieve","parameters":{"CurrentObject":["MyFirstModule.Consulta"]},"constants":{"PageName":"MyFirstModule.Consulta_View","WidgetName":"MyFirstModule.Consulta_View.listView1","UsedAssociations":["MyFirstModule.Receta/MyFirstModule.Receta_Consulta/MyFirstModule.Consulta"],"UsedAttributes":[],"XPath":"//MyFirstModule.Receta[MyFirstModule.Receta_Consulta='[%CurrentObject%]']"},"allowedUserRoleSets":[]},{"operationId":"maEwLM2ZXV+meX9EV3e+qQ","operationType":"retrieve","parameters":{},"constants":{"PageName":"Administration.RuntimeInstances","WidgetName":"Administration.RuntimeInstances.dataGrid21","UsedAssociations":[],"UsedAttributes":["System.XASInstance/System.XASInstance.XASId","System.XASInstance/System.XASInstance.createdDate","System.XASInstance/System.XASInstance.AllowedNumberOfConcurrentUsers","System.XASInstance/System.XASInstance.PartnerName","System.XASInstance/System.XASInstance.CustomerName"],"XPath":"//System.XASInstance"},"allowedUserRoleSets":[]},{"operationId":"h4UWiBre9lii/KdbUPclkw","operationType":"retrieve","parameters":{},"constants":{"PageName":"Atlas_Core.Atlas_Default","WidgetName":"Atlas_Core.LanguageSelectorWidget.languageSelector1","UsedAssociations":[],"UsedAttributes":["System.Language/System.Language.Description"],"XPath":"//System.Language"},"allowedUserRoleSets":[]},{"operationId":"xmsbLJwE5luCQNfNssxs2g","operationType":"retrieve","parameters":{"CurrentObject":["Administration.AccountPasswordData"]},"constants":{"PageName":"Administration.Account_New","WidgetName":"Administration.Account_New.dataView1","UsedAssociations":["Administration.Account/System.UserRoles/System.UserRole","Administration.Account/System.User_Language/System.Language","Administration.Account/System.User_TimeZone/System.TimeZone"],"UsedAttributes":[],"EntityPath":"Administration.AccountPasswordData_Account/Administration.Account"},"allowedUserRoleSets":[]},{"operationId":"3rQmNoiGHVK6bb6wlo+18Q","operationType":"callMicroflow","parameters":{"AccountPasswordData":["Administration.AccountPasswordData"]},"constants":{"MicroflowName":"Administration.SaveNewAccount"},"allowedUserRoleSets":[["Administrator"]]},{"operationId":"OaeRqs4CpFiJ+P7sW74uNA","operationType":"rollback","parameters":{"Objects":["AnyObjectList"]},"constants":{},"allowedUserRoleSets":[]},{"operationId":"ArmoK+3EUlax6lv+U3b0jw","operationType":"commit","parameters":{"Objects":["AnyObjectList"]},"constants":{},"allowedUserRoleSets":[]},{"operationId":"0wJ1hKX/X1y66DE5vy+mBw","operationType":"callMicroflow","parameters":{"AccountPasswordData":["Administration.AccountPasswordData"]},"constants":{"MicroflowName":"Administration.ChangeMyPassword"},"allowedUserRoleSets":[["Administrator"],["User"]]},{"operationId":"mAs4xlM9OVi2VxiLLgmsYw","operationType":"rollback","parameters":{"Objects":["AnyObjectList"]},"constants":{},"allowedUserRoleSets":[]},{"operationId":"7b15yx8yXFOWkmHnSRhXTw","operationType":"commit","parameters":{"Objects":["AnyObjectList"]},"constants":{},"allowedUserRoleSets":[]},{"operationId":"snXXcqg7VlmA0+A+O++uYw","operationType":"delete","parameters":{"Objects":["[MyFirstModule.Alergias]"]},"constants":{},"allowedUserRoleSets":[]},{"operationId":"ZL/eP15VPFG6XgkRAFDsdw","operationType":"retrieve","parameters":{},"constants":{"PageName":"MyFirstModule.Archivos_NewEdit_2","WidgetName":"MyFirstModule.Archivos_NewEdit_2.comboBox1","UsedAssociations":[],"UsedAttributes":["MyFirstModule.Estudios/MyFirstModule.Estudios.Titulo"],"XPath":"//MyFirstModule.Estudios"},"allowedUserRoleSets":[]},{"operationId":"AhiVslyvuV6nTocvNgx53g","operationType":"rollback","parameters":{"Objects":["AnyObjectList"]},"constants":{},"allowedUserRoleSets":[]},{"operationId":"p7JAEel7pFagzjmMyrq5dQ","operationType":"commit","parameters":{"Objects":["AnyObjectList"]},"constants":{},"allowedUserRoleSets":[]},{"operationId":"PKqddSAnN1Olmxai5d3Z+Q","operationType":"callMicroflow","parameters":{"Account":["Administration.Account"]},"constants":{"MicroflowName":"Administration.ShowMyPasswordForm"},"allowedUserRoleSets":[["Administrator"],["User"]]},{"operationId":"y9pjY+weSV2QZBcccn43Ag","operationType":"rollback","parameters":{"Objects":["AnyObjectList"]},"constants":{},"allowedUserRoleSets":[]},{"operationId":"HTDg2apU81KKZcB6OMMmRA","operationType":"rollback","parameters":{"Objects":["AnyObjectList"]},"constants":{},"allowedUserRoleSets":[]},{"operationId":"TCa7KPc2KVSSUWecX9MvtA","operationType":"retrieve","parameters":{},"constants":{"PageName":"Administration.Account_Overview","WidgetName":"Administration.Account_Overview.drop_downFilter1","UsedAssociations":[],"UsedAttributes":["System.UserRole/System.UserRole.Name"],"XPath":"//System.UserRole"},"allowedUserRoleSets":[]},{"operationId":"00o9ILgg5l+onoxM/TMq3g","operationType":"retrieve","parameters":{},"constants":{"PageName":"MyFirstModule.Home_Web","WidgetName":"MyFirstModule.Home_Web.listView4","UsedAssociations":["MyFirstModule.Receta/MyFirstModule.Receta_Consulta/MyFirstModule.Consulta"],"UsedAttributes":[],"XPath":"//MyFirstModule.Receta"},"allowedUserRoleSets":[]},{"operationId":"NJv5AnOlg1mI50dJRcK1cQ","operationType":"rollback","parameters":{"Objects":["AnyObjectList"]},"constants":{},"allowedUserRoleSets":[]},{"operationId":"BpwawEeJJlOm0B81W3ZU/w","operationType":"rollback","parameters":{"Objects":["AnyObjectList"]},"constants":{},"allowedUserRoleSets":[]},{"operationId":"T4rrYfN0yVGn+yJg6Wx0gw","operationType":"commit","parameters":{"Objects":["AnyObjectList"]},"constants":{},"allowedUserRoleSets":[]},{"operationId":"wYIfjl8DX1u2LgK9Zm72cw","operationType":"retrieve","parameters":{"CurrentObject":["MyFirstModule.Receta"]},"constants":{"PageName":"MyFirstModule.Receta_NewEdit","WidgetName":"MyFirstModule.Receta_NewEdit.listView1","UsedAssociations":[],"UsedAttributes":[],"XPath":"//MyFirstModule.Medicamento[MyFirstModule.Medicamento_Receta='[%CurrentObject%]']"},"allowedUserRoleSets":[]},{"operationId":"tr0jicZb2V6msLOodTXE1w","operationType":"commit","parameters":{"Objects":["AnyObjectList"]},"constants":{},"allowedUserRoleSets":[]},{"operationId":"QYnNBiG+GVK7H8hjLs8K2g","operationType":"retrieve","parameters":{},"constants":{"PageName":"Administration.Account_Edit","WidgetName":"Administration.Account_Edit.comboBox2","UsedAssociations":[],"UsedAttributes":["System.UserRole/System.UserRole.Name"],"XPath":"//System.UserRole[System.grantableRoles[reversed()]/System.UserRole/System.UserRoles = '[%CurrentUser%]']"},"allowedUserRoleSets":[]},{"operationId":"y8K58Yj7zFuGy6LASLNqrA","operationType":"retrieve","parameters":{},"constants":{"PageName":"MyFirstModule.Home_Web","WidgetName":"MyFirstModule.Home_Web.listView2","UsedAssociations":[],"UsedAttributes":[],"XPath":"//MyFirstModule.Anotaciones"},"allowedUserRoleSets":[]},{"operationId":"zF9Fl4WGZF+hazoepjtn/A","operationType":"rollback","parameters":{"Objects":["AnyObjectList"]},"constants":{},"allowedUserRoleSets":[]},{"operationId":"HHDpkOHAPlaXTyVeCqBSXQ","operationType":"rollback","parameters":{"Objects":["AnyObjectList"]},"constants":{},"allowedUserRoleSets":[]},{"operationId":"EOnL/W4SBF20xl3YsXPhUA","operationType":"rollback","parameters":{"Objects":["AnyObjectList"]},"constants":{},"allowedUserRoleSets":[]},{"operationId":"aB9ViT1QO1KD1/OKOpdWlQ","operationType":"rollback","parameters":{"Objects":["AnyObjectList"]},"constants":{},"allowedUserRoleSets":[]},{"operationId":"qei05ZdTZlWBvELJQsOw2g","operationType":"rollback","parameters":{"Objects":["AnyObjectList"]},"constants":{},"allowedUserRoleSets":[]},{"operationId":"yTGVoJ0JNFiHU/S60EpWWA","operationType":"rollback","parameters":{"Objects":["AnyObjectList"]},"constants":{},"allowedUserRoleSets":[]},{"operationId":"ppXXaCEjxFKUaT8tKXRCXA","operationType":"commit","parameters":{"Objects":["AnyObjectList"]},"constants":{},"allowedUserRoleSets":[]},{"operationId":"9ikhLJqUZlWD/GafuBokrA","operationType":"commit","parameters":{"Objects":["AnyObjectList"]},"constants":{},"allowedUserRoleSets":[]},{"operationId":"xqITo16CUFWNKsJvfZjLzg","operationType":"callMicroflow","parameters":{"Account":["Administration.Account"]},"constants":{"MicroflowName":"Administration.ShowPasswordForm"},"allowedUserRoleSets":[["Administrator"]]},{"operationId":"Nb/lHXKiPlGwm4CtVrG2Dg","operationType":"retrieve","parameters":{},"constants":{"PageName":"Administration.Account_Edit","WidgetName":"Administration.Account_Edit.comboBox4","UsedAssociations":[],"UsedAttributes":["System.TimeZone/System.TimeZone.Description"],"XPath":"//System.TimeZone"},"allowedUserRoleSets":[]},{"operationId":"+w6MoEOasVKloPnoLlKBjQ","operationType":"rollback","parameters":{"Objects":["AnyObjectList"]},"constants":{},"allowedUserRoleSets":[]},{"operationId":"so9MQc9FEl6LTUaLEFnbzw","operationType":"retrieve","parameters":{},"constants":{"PageName":"MyFirstModule.Receta_NewEdit","WidgetName":"MyFirstModule.Receta_NewEdit.comboBox1","UsedAssociations":[],"UsedAttributes":["MyFirstModule.Consulta/MyFirstModule.Consulta.Paciente"],"XPath":"//MyFirstModule.Consulta"},"allowedUserRoleSets":[]},{"operationId":"WzXudsjKI12mUU/793dxYA","operationType":"retrieve","parameters":{},"constants":{"PageName":"Administration.Account_Edit","WidgetName":"Administration.Account_Edit.comboBox3","UsedAssociations":[],"UsedAttributes":["System.Language/System.Language.Description"],"XPath":"//System.Language"},"allowedUserRoleSets":[]},{"operationId":"7yxVlMzk1FWPeGsXm9ba4Q","operationType":"rollback","parameters":{"Objects":["AnyObjectList"]},"constants":{},"allowedUserRoleSets":[]},{"operationId":"1RsdS9DXGlCbv8O05bWe9w","operationType":"commit","parameters":{"Objects":["AnyObjectList"]},"constants":{},"allowedUserRoleSets":[]},{"operationId":"+lxoLsYOmFKr+5wAWtJVlA","operationType":"commit","parameters":{"Objects":["[FeedbackModule.Feedback]"]},"constants":{},"allowedUserRoleSets":[]},{"operationId":"UTtyTWgaaV+ft3OPZU++xA","operationType":"commit","parameters":{"Objects":["AnyObjectList"]},"constants":{},"allowedUserRoleSets":[]},{"operationId":"iQUJrw0muViVfv5UPG/sEg","operationType":"delete","parameters":{"Objects":["[MyFirstModule.Receta]"]},"constants":{},"allowedUserRoleSets":[]},{"operationId":"YvTH3O2cY1mY/yYLFQD0jw","operationType":"delete","parameters":{"Objects":["[MyFirstModule.Archivos]"]},"constants":{},"allowedUserRoleSets":[]},{"operationId":"g+Mm4GxagF+JxLMS5d7myw","operationType":"callMicroflow","parameters":{"AccountPasswordData":["Administration.AccountPasswordData"]},"constants":{"MicroflowName":"Administration.ChangePassword"},"allowedUserRoleSets":[["Administrator"]]},{"operationId":"e2xTH6uqh1+VD8xpTah6iw","operationType":"commit","parameters":{"Objects":["AnyObjectList"]},"constants":{},"allowedUserRoleSets":[]},{"operationId":"bbxyAW7+jlqwQicJ4vh9AQ","operationType":"rollback","parameters":{"Objects":["AnyObjectList"]},"constants":{},"allowedUserRoleSets":[]},{"operationId":"Cp3NlO7PnF+2QbJmjYdpSQ","operationType":"rollback","parameters":{"Objects":["AnyObjectList"]},"constants":{},"allowedUserRoleSets":[]},{"operationId":"j7om9NDErFi0GHjT523uEw","operationType":"retrieve","parameters":{},"constants":{"PageName":"Administration.Account_New","WidgetName":"Administration.Account_New.comboBox1","UsedAssociations":[],"UsedAttributes":["System.UserRole/System.UserRole.Name"],"XPath":"//System.UserRole[System.grantableRoles[reversed()]/System.UserRole/System.UserRoles = '[%CurrentUser%]']"},"allowedUserRoleSets":[]},{"operationId":"muBWZqYSF1eDLf5x3PdD2g","operationType":"delete","parameters":{"Objects":["[System.Session]"]},"constants":{},"allowedUserRoleSets":[]},{"operationId":"cMexBu5/wFmBeqMactc0Tg","operationType":"rollback","parameters":{"Objects":["AnyObjectList"]},"constants":{},"allowedUserRoleSets":[]},{"operationId":"d5Pfoe1CGle2P59N6wRrow","operationType":"rollback","parameters":{"Objects":["AnyObjectList"]},"constants":{},"allowedUserRoleSets":[]},{"operationId":"Gr38UxiQSliBdSZSO//Bxw","operationType":"retrieve","parameters":{},"constants":{"PageName":"MyFirstModule.Home_Web","WidgetName":"MyFirstModule.Home_Web.listView5","UsedAssociations":["MyFirstModule.Archivos/MyFirstModule.Archivos_Antecedente/MyFirstModule.Antecedente"],"UsedAttributes":[],"XPath":"//MyFirstModule.Archivos"},"allowedUserRoleSets":[]},{"operationId":"+CFmQzy/ulOOvWceuZg+TA","operationType":"commit","parameters":{"Objects":["AnyObjectList"]},"constants":{},"allowedUserRoleSets":[]},{"operationId":"1uzE5Qjnv1Knj7KZIbDGMA","operationType":"rollback","parameters":{"Objects":["AnyObjectList"]},"constants":{},"allowedUserRoleSets":[]},{"operationId":"2rlbZMYS+lmjl8PFzwRg4g","operationType":"callMicroflow","parameters":{"Consulta":["MyFirstModule.Consulta"]},"constants":{"MicroflowName":"MyFirstModule.MF_CreateReceta_DesdeConsulta"},"allowedUserRoleSets":[]},{"operationId":"l43kLc4eslWnmTgzK+jLDw","operationType":"retrieve","parameters":{},"constants":{"PageName":"Atlas_Core.Atlas_TopBar","WidgetName":"Atlas_Core.LanguageSelectorWidget.languageSelector1","UsedAssociations":[],"UsedAttributes":["System.Language/System.Language.Description"],"XPath":"//System.Language"},"allowedUserRoleSets":[]},{"operationId":"A28y92VAFVmhtK4idBi82Q","operationType":"delete","parameters":{"Objects":["[MyFirstModule.Anotaciones]"]},"constants":{},"allowedUserRoleSets":[]},{"operationId":"SkSjeu/bz1aqSQu0g9xeeg","operationType":"retrieve","parameters":{},"constants":{"PageName":"Administration.Account_New","WidgetName":"Administration.Account_New.comboBox3","UsedAssociations":[],"UsedAttributes":["System.Language/System.Language.Description"],"XPath":"//System.Language"},"allowedUserRoleSets":[]},{"operationId":"ygjOyQIJm1+vGqt0V+Br5w","operationType":"rollback","parameters":{"Objects":["AnyObjectList"]},"constants":{},"allowedUserRoleSets":[]},{"operationId":"c0pX8Pr7LFOraEBGaaZEFw","operationType":"callMicroflow","parameters":{"Feedback":["FeedbackModule.Feedback"]},"constants":{"MicroflowName":"FeedbackModule.SUB_Feedback_SendToServer"},"allowedUserRoleSets":[]},{"operationId":"5cPLxzqKG1mwL8Esuz8nlQ","operationType":"rollback","parameters":{"Objects":["AnyObjectList"]},"constants":{},"allowedUserRoleSets":[]},{"operationId":"gCDQhHDKn12IynCuL8UR8Q","operationType":"rollback","parameters":{"Objects":["AnyObjectList"]},"constants":{},"allowedUserRoleSets":[]},{"operationId":"lsF5ERm+8lSsCa5ENARUkg","operationType":"rollback","parameters":{"Objects":["AnyObjectList"]},"constants":{},"allowedUserRoleSets":[]},{"operationId":"MAGkRtnJi1CBKy+hlP/pqg","operationType":"retrieve","parameters":{},"constants":{"PageName":"MyFirstModule.Home_Web","WidgetName":"MyFirstModule.Home_Web.listView3","UsedAssociations":[],"UsedAttributes":[],"XPath":"//MyFirstModule.Consulta"},"allowedUserRoleSets":[]},{"operationId":"aLUJqWiPP1KDlo4zonpmcQ","operationType":"rollback","parameters":{"Objects":["AnyObjectList"]},"constants":{},"allowedUserRoleSets":[]}]